{
  "k": [
    1,
    2,
    3,
    4,
    5,
    6,
    7,
    8,
    9
  ],
  "inertia": [
    3615.9999999999973,
    2185.4365962452357,
    1513.5062174885604,
    1059.7821959269845,
    817.634912086299,
    657.8711080264549,
    540.7557052420074,
    454.12103624343376,
    384.6493668180862
  ]
}